"","Pop","MLL_no","Indv_no","Pop_no","region","site_full","long","lat","temp_scaled8.5","sal_scaled8.5"
"1","AHU",351,"AHU-01","01","Kristianstad","Åhus",14.402056,55.973569,-1.12395337498965,-1.08129363946381
"2","AHU",366,"AHU-02","02","Kristianstad","Åhus",14.402056,55.973569,-1.12395337498965,-1.08129363946381
"3","AHU",361,"AHU-09","09","Kristianstad","Åhus",14.402056,55.973569,-1.12395337498965,-1.08129363946381
"4","AHU",367,"AHU-13","13","Kristianstad","Åhus",14.402056,55.973569,-1.12395337498965,-1.08129363946381
"5","ALA",219,"ALA-01","01","Øresund","Ålabadarna",12.771034,55.940683,0.165130590638291,0.288722385406568
"6","ALA",222,"ALA-02","02","Øresund","Ålabadarna",12.771034,55.940683,0.165130590638291,0.288722385406568
"7","ALA",230,"ALA-03","03","Øresund","Ålabadarna",12.771034,55.940683,0.165130590638291,0.288722385406568
"8","ALA",220,"ALA-04","04","Øresund","Ålabadarna",12.771034,55.940683,0.165130590638291,0.288722385406568
"9","ALA",229,"ALA-09","09","Øresund","Ålabadarna",12.771034,55.940683,0.165130590638291,0.288722385406568
"10","ALA",231,"ALA-11","11","Øresund","Ålabadarna",12.771034,55.940683,0.165130590638291,0.288722385406568
"11","ALA",233,"ALA-13","13","Øresund","Ålabadarna",12.771034,55.940683,0.165130590638291,0.288722385406568
"12","ALA",234,"ALA-14","14","Øresund","Ålabadarna",12.771034,55.940683,0.165130590638291,0.288722385406568
"13","ALA",236,"ALA-15","15","Øresund","Ålabadarna",12.771034,55.940683,0.165130590638291,0.288722385406568
"14","ALA",237,"ALA-17","17","Øresund","Ålabadarna",12.771034,55.940683,0.165130590638291,0.288722385406568
"15","ALA",238,"ALA-18","18","Øresund","Ålabadarna",12.771034,55.940683,0.165130590638291,0.288722385406568
"16","ALA",239,"ALA-19","19","Øresund","Ålabadarna",12.771034,55.940683,0.165130590638291,0.288722385406568
"17","ALA",240,"ALA-20","20","Øresund","Ålabadarna",12.771034,55.940683,0.165130590638291,0.288722385406568
"18","BAD",519,"BAD-03","03","Öland","Bödagården",17.058547,57.259256,-0.479411392175681,-1.23351764222719
"19","BAD",520,"BAD-06","06","Öland","Bödagården",17.058547,57.259256,-0.479411392175681,-1.23351764222719
"20","BAD",526,"BAD-16","16","Öland","Bödagården",17.058547,57.259256,-0.479411392175681,-1.23351764222719
"21","BAD",533,"BAD-17","17","Öland","Bödagården",17.058547,57.259256,-0.479411392175681,-1.23351764222719
"22","BAR",241,"BAR-01","01","Barsebäck","Barsebäck hamn",12.90189,55.75528,-0.479411392175681,0.288722385406568
"23","BAR",244,"BAR-02","02","Barsebäck","Barsebäck hamn",12.90189,55.75528,-0.479411392175681,0.288722385406568
"24","BAR",247,"BAR-03","03","Barsebäck","Barsebäck hamn",12.90189,55.75528,-0.479411392175681,0.288722385406568
"25","BAR",250,"BAR-06","06","Barsebäck","Barsebäck hamn",12.90189,55.75528,-0.479411392175681,0.288722385406568
"26","BAR",251,"BAR-07","07","Barsebäck","Barsebäck hamn",12.90189,55.75528,-0.479411392175681,0.288722385406568
"27","BAR",255,"BAR-10","10","Barsebäck","Barsebäck hamn",12.90189,55.75528,-0.479411392175681,0.288722385406568
"28","BAR",258,"BAR-14","14","Barsebäck","Barsebäck hamn",12.90189,55.75528,-0.479411392175681,0.288722385406568
"29","BAR",259,"BAR-15","15","Barsebäck","Barsebäck hamn",12.90189,55.75528,-0.479411392175681,0.288722385406568
"30","BAR",260,"BAR-16","16","Barsebäck","Barsebäck hamn",12.90189,55.75528,-0.479411392175681,0.288722385406568
"31","BAR",261,"BAR-17","17","Barsebäck","Barsebäck hamn",12.90189,55.75528,-0.479411392175681,0.288722385406568
"32","BAR",262,"BAR-18","18","Barsebäck","Barsebäck hamn",12.90189,55.75528,-0.479411392175681,0.288722385406568
"33","BAR",263,"BAR-19","19","Barsebäck","Barsebäck hamn",12.90189,55.75528,-0.479411392175681,0.288722385406568
"34","BAR",264,"BAR-20","20","Barsebäck","Barsebäck hamn",12.90189,55.75528,-0.479411392175681,0.288722385406568
"35","BJN",394,"BJN-02","02","Karlskrona","Björkenäs",15.925111,56.159447,-1.76849535780363,-1.08129363946381
"36","BJO",703,"BJO-01","01","Östersjö","Björkö",19.07867998,59.83484289,0.165130590638291,-1.38574164499056
"37","BLA",404,"BLA-01","01","Öland","Bläsinge",16.704923,56.621246,-3.70212130624554,-1.08129363946381
"38","BUR",489,"BUR-01","01","Gotland","Burgsvik",18.223786,57.032289,0.809672573452264,-1.23351764222719
"39","BUR",491,"BUR-03","03","Gotland","Burgsvik",18.223786,57.032289,0.809672573452264,-1.23351764222719
"40","BUR",493,"BUR-05","05","Gotland","Burgsvik",18.223786,57.032289,0.809672573452264,-1.23351764222719
"41","BUR",494,"BUR-06","06","Gotland","Burgsvik",18.223786,57.032289,0.809672573452264,-1.23351764222719
"42","BUR",496,"BUR-07","07","Gotland","Burgsvik",18.223786,57.032289,0.809672573452264,-1.23351764222719
"43","BUR",498,"BUR-09","09","Gotland","Burgsvik",18.223786,57.032289,0.809672573452264,-1.23351764222719
"44","BUR",499,"BUR-10","10","Gotland","Burgsvik",18.223786,57.032289,0.809672573452264,-1.23351764222719
"45","BUR",501,"BUR-11","11","Gotland","Burgsvik",18.223786,57.032289,0.809672573452264,-1.23351764222719
"46","BUR",504,"BUR-13","13","Gotland","Burgsvik",18.223786,57.032289,0.809672573452264,-1.23351764222719
"47","BUR",507,"BUR-14","14","Gotland","Burgsvik",18.223786,57.032289,0.809672573452264,-1.23351764222719
"48","BUR",508,"BUR-16","16","Gotland","Burgsvik",18.223786,57.032289,0.809672573452264,-1.23351764222719
"49","BUR",509,"BUR-17","17","Gotland","Burgsvik",18.223786,57.032289,0.809672573452264,-1.23351764222719
"50","BUR",511,"BUR-18","18","Gotland","Burgsvik",18.223786,57.032289,0.809672573452264,-1.23351764222719
"51","EKO",615,"EKO-01","01","Valdemarsvik","Ekön",16.854798,58.175265,-3.05757932343157,-1.23351764222719
"52","EKO",624,"EKO-09","09","Valdemarsvik","Ekön",16.854798,58.175265,-3.05757932343157,-1.23351764222719
"53","FUR",383,"FUR-02","02","Pukaviksbukten","Furumon",14.72029998,56.0954,-1.76849535780363,-1.08129363946381
"54","FUR",379,"FUR-18","18","Pukaviksbukten","Furumon",14.72029998,56.0954,-1.76849535780363,-1.08129363946381
"55","GAL",669,"GAL-01","01","Haninge","Gålö",18.32692339,59.09087305,0.809672573452264,-1.23351764222719
"56","GAL",687,"GAL-16","16","Haninge","Gålö",18.32692339,59.09087305,0.809672573452264,-1.23351764222719
"57","GAS",44,"GAS-01","01","Kosterhavet","Gåsholmen ",11.134688,58.878628,-0.479411392175681,1.20206640198682
"58","GAS",46,"GAS-02","02","Kosterhavet","Gåsholmen ",11.134688,58.878628,-0.479411392175681,1.20206640198682
"59","GAS",47,"GAS-04","04","Kosterhavet","Gåsholmen ",11.134688,58.878628,-0.479411392175681,1.20206640198682
"60","GAS",48,"GAS-05","05","Kosterhavet","Gåsholmen ",11.134688,58.878628,-0.479411392175681,1.20206640198682
"61","GAS",49,"GAS-06","06","Kosterhavet","Gåsholmen ",11.134688,58.878628,-0.479411392175681,1.20206640198682
"62","GAS",50,"GAS-07","07","Kosterhavet","Gåsholmen ",11.134688,58.878628,-0.479411392175681,1.20206640198682
"63","GAS",51,"GAS-08","08","Kosterhavet","Gåsholmen ",11.134688,58.878628,-0.479411392175681,1.20206640198682
"64","GAS",52,"GAS-09","09","Kosterhavet","Gåsholmen ",11.134688,58.878628,-0.479411392175681,1.20206640198682
"65","GAS",53,"GAS-10","10","Kosterhavet","Gåsholmen ",11.134688,58.878628,-0.479411392175681,1.20206640198682
"66","GAS",56,"GAS-11","11","Kosterhavet","Gåsholmen ",11.134688,58.878628,-0.479411392175681,1.20206640198682
"67","GAS",66,"GAS-20","20","Kosterhavet","Gåsholmen ",11.134688,58.878628,-0.479411392175681,1.20206640198682
"68","GOT",176,"GOT-01","01","Kungsbacka","Gottskär",12.02123,57.39626,0.165130590638291,0.745394393696695
"69","GOT",177,"GOT-05","05","Kungsbacka","Gottskär",12.02123,57.39626,0.165130590638291,0.745394393696695
"70","GOT",178,"GOT-06","06","Kungsbacka","Gottskär",12.02123,57.39626,0.165130590638291,0.745394393696695
"71","GOT",179,"GOT-09","09","Kungsbacka","Gottskär",12.02123,57.39626,0.165130590638291,0.745394393696695
"72","GRO",193,"GRO-01","01","Lahalmsbukten","Grötvik",12.78014,56.64116,0.809672573452264,-0.167949622883559
"73","GRO",197,"GRO-10","10","Lahalmsbukten","Grötvik",12.78014,56.64116,0.809672573452264,-0.167949622883559
"74","HAN",744,"HAN-01","01","Finland","Hanko",22.990247,59.824232,-1.12395337498965,-1.38574164499056
"75","HAN",749,"HAN-11","11","Finland","Hanko",22.990247,59.824232,-1.12395337498965,-1.38574164499056
"76","HAN",754,"HAN-16","16","Finland","Hanko",22.990247,59.824232,-1.12395337498965,-1.38574164499056
"77","HOG",200,"HOG-01","01","Södra Höganäs","Höganäs",12.55141,56.1969,0.165130590638291,0.288722385406568
"78","HOG",216,"HOG-02","02","Södra Höganäs","Höganäs",12.55141,56.1969,0.165130590638291,0.288722385406568
"79","HOG",203,"HOG-04","04","Södra Höganäs","Höganäs",12.55141,56.1969,0.165130590638291,0.288722385406568
"80","HOG",204,"HOG-05","05","Södra Höganäs","Höganäs",12.55141,56.1969,0.165130590638291,0.288722385406568
"81","HOG",205,"HOG-06","06","Södra Höganäs","Höganäs",12.55141,56.1969,0.165130590638291,0.288722385406568
"82","HOG",217,"HOG-07","07","Södra Höganäs","Höganäs",12.55141,56.1969,0.165130590638291,0.288722385406568
"83","HOG",208,"HOG-09","09","Södra Höganäs","Höganäs",12.55141,56.1969,0.165130590638291,0.288722385406568
"84","HOG",210,"HOG-15","15","Södra Höganäs","Höganäs",12.55141,56.1969,0.165130590638291,0.288722385406568
"85","HOG",212,"HOG-17","17","Södra Höganäs","Höganäs",12.55141,56.1969,0.165130590638291,0.288722385406568
"86","HOG",213,"HOG-18","18","Södra Höganäs","Höganäs",12.55141,56.1969,0.165130590638291,0.288722385406568
"87","HOG",214,"HOG-10","10","Södra Höganäs","Höganäs",12.55141,56.1969,0.165130590638291,0.288722385406568
"88","HOG",218,"HOG-19","19","Södra Höganäs","Höganäs",12.55141,56.1969,0.165130590638291,0.288722385406568
"89","HOR",587,"HOR-10","10","Hornsudde","Hornsudde",16.730625,57.695151,-1.12395337498965,-1.23351764222719
"90","ING",771,"ING-01","01","Finland","Ingå",24.039419,59.9906558,-1.12395337498965,-1.38574164499056
"91","KAL",426,"KAL-01","01","Kalmar","Kalmarsund",16.351908,56.654431,1.45421455626624,-1.08129363946381
"92","KAL",427,"KAL-02","02","Kalmar","Kalmarsund",16.351908,56.654431,1.45421455626624,-1.08129363946381
"93","KAL",441,"KAL-04","04","Kalmar","Kalmarsund",16.351908,56.654431,1.45421455626624,-1.08129363946381
"94","KAL",436,"KAL-06","06","Kalmar","Kalmarsund",16.351908,56.654431,1.45421455626624,-1.08129363946381
"95","KAL",448,"KAL-20","20","Kalmar","Kalmarsund",16.351908,56.654431,1.45421455626624,-1.08129363946381
"96","KAR",451,"KAR-02","02","Öland","Kårehamn",16.912377,56.969566,-0.479411392175681,-1.23351764222719
"97","KAR",460,"KAR-03","03","Öland","Kårehamn",16.912377,56.969566,-0.479411392175681,-1.23351764222719
"98","KAV",69,"KAV-01","01","Grebbestad-Fjällbacka","Kämpersvik",11.27672,58.64622,0.809672573452264,1.04984239922345
"99","KAV",71,"KAV-02","02","Grebbestad-Fjällbacka","Kämpersvik",11.27672,58.64622,0.809672573452264,1.04984239922345
"100","KAV",72,"KAV-03","03","Grebbestad-Fjällbacka","Kämpersvik",11.27672,58.64622,0.809672573452264,1.04984239922345
"101","KAV",75,"KAV-04","04","Grebbestad-Fjällbacka","Kämpersvik",11.27672,58.64622,0.809672573452264,1.04984239922345
"102","KAV",76,"KAV-05","05","Grebbestad-Fjällbacka","Kämpersvik",11.27672,58.64622,0.809672573452264,1.04984239922345
"103","KAV",77,"KAV-06","06","Grebbestad-Fjällbacka","Kämpersvik",11.27672,58.64622,0.809672573452264,1.04984239922345
"104","KAV",78,"KAV-07","07","Grebbestad-Fjällbacka","Kämpersvik",11.27672,58.64622,0.809672573452264,1.04984239922345
"105","KAV",79,"KAV-08","08","Grebbestad-Fjällbacka","Kämpersvik",11.27672,58.64622,0.809672573452264,1.04984239922345
"106","KAV",84,"KAV-11","11","Grebbestad-Fjällbacka","Kämpersvik",11.27672,58.64622,0.809672573452264,1.04984239922345
"107","KAV",85,"KAV-14","14","Grebbestad-Fjällbacka","Kämpersvik",11.27672,58.64622,0.809672573452264,1.04984239922345
"108","KAV",86,"KAV-15","15","Grebbestad-Fjällbacka","Kämpersvik",11.27672,58.64622,0.809672573452264,1.04984239922345
"109","KAV",87,"KAV-16","16","Grebbestad-Fjällbacka","Kämpersvik",11.27672,58.64622,0.809672573452264,1.04984239922345
"110","KAV",90,"KAV-17","17","Grebbestad-Fjällbacka","Kämpersvik",11.27672,58.64622,0.809672573452264,1.04984239922345
"111","KIE",2,"KIE-01","01","Germany","Kiel",10.154972,54.345615,1.45421455626624,-0.472397628410311
"112","KIE",4,"KIE-03","03","Germany","Kiel",10.154972,54.345615,1.45421455626624,-0.472397628410311
"113","KIE",5,"KIE-04","04","Germany","Kiel",10.154972,54.345615,1.45421455626624,-0.472397628410311
"114","KIE",7,"KIE-05","05","Germany","Kiel",10.154972,54.345615,1.45421455626624,-0.472397628410311
"115","KIE",11,"KIE-09","09","Germany","Kiel",10.154972,54.345615,1.45421455626624,-0.472397628410311
"116","KIE",12,"KIE-10","10","Germany","Kiel",10.154972,54.345615,1.45421455626624,-0.472397628410311
"117","KIE",14,"KIE-11","11","Germany","Kiel",10.154972,54.345615,1.45421455626624,-0.472397628410311
"118","KIE",15,"KIE-12","12","Germany","Kiel",10.154972,54.345615,1.45421455626624,-0.472397628410311
"119","KIE",16,"KIE-13","13","Germany","Kiel",10.154972,54.345615,1.45421455626624,-0.472397628410311
"120","KIE",20,"KIE-14","14","Germany","Kiel",10.154972,54.345615,1.45421455626624,-0.472397628410311
"121","KIE",21,"KIE-18","18","Germany","Kiel",10.154972,54.345615,1.45421455626624,-0.472397628410311
"122","KLI",563,"KLI-02","02","Gotland","Klintehamn",18.152719,57.401162,0.809672573452264,-1.23351764222719
"123","KLI",561,"KLI-07","07","Gotland","Klintehamn",18.152719,57.401162,0.809672573452264,-1.23351764222719
"124","KLI",575,"KLI-17","17","Gotland","Klintehamn",18.152719,57.401162,0.809672573452264,-1.23351764222719
"125","KLI",569,"KLI-06","06","Gotland","Klintehamn",18.152719,57.401162,0.809672573452264,-1.23351764222719
"126","KLI",573,"KLI-18","18","Gotland","Klintehamn",18.152719,57.401162,0.809672573452264,-1.23351764222719
"127","KOD",39,"KOD-04","04","Kosterhavet","Koster donor site",10.991989,58.882538,0.165130590638291,1.04984239922345
"128","KOD",25,"KOD-13","13","Kosterhavet","Koster donor site",10.991989,58.882538,0.165130590638291,1.04984239922345
"129","KOD",43,"KOD-15","15","Kosterhavet","Koster donor site",10.991989,58.882538,0.165130590638291,1.04984239922345
"130","KOD",28,"KOD-16","16","Kosterhavet","Koster donor site",10.991989,58.882538,0.165130590638291,1.04984239922345
"131","KOD",29,"KOD-18","18","Kosterhavet","Koster donor site",10.991989,58.882538,0.165130590638291,1.04984239922345
"132","KOD",30,"KOD-19","19","Kosterhavet","Koster donor site",10.991989,58.882538,0.165130590638291,1.04984239922345
"133","KOD",31,"KOD-20","20","Kosterhavet","Koster donor site",10.991989,58.882538,0.165130590638291,1.04984239922345
"134","KOD",33,"KOD-01","01","Kosterhavet","Koster donor site",10.991989,58.882538,0.165130590638291,1.04984239922345
"135","KOD",41,"KOD-10","10","Kosterhavet","Koster donor site",10.991989,58.882538,0.165130590638291,1.04984239922345
"136","KOD",42,"KOD-11","11","Kosterhavet","Koster donor site",10.991989,58.882538,0.165130590638291,1.04984239922345
"137","KRA",642,"KRA-04","04","Tystberga","Krampö",17.4658689,58.690647,-2.4130373406176,-1.23351764222719
"138","KUR",288,"KUR-01","01","Trelleborg","Kurland",12.982861,55.395972,0.165130590638291,-0.929069636700438
"139","KUR",291,"KUR-07","07","Trelleborg","Kurland",12.982861,55.395972,0.165130590638291,-0.929069636700438
"140","KUR",294,"KUR-09","09","Trelleborg","Kurland",12.982861,55.395972,0.165130590638291,-0.929069636700438
"141","KUR",296,"KUR-10","10","Trelleborg","Kurland",12.982861,55.395972,0.165130590638291,-0.929069636700438
"142","KUR",297,"KUR-11","11","Trelleborg","Kurland",12.982861,55.395972,0.165130590638291,-0.929069636700438
"143","KUR",299,"KUR-13","13","Trelleborg","Kurland",12.982861,55.395972,0.165130590638291,-0.929069636700438
"144","KUR",302,"KUR-14","14","Trelleborg","Kurland",12.982861,55.395972,0.165130590638291,-0.929069636700438
"145","KUR",306,"KUR-18","18","Trelleborg","Kurland",12.982861,55.395972,0.165130590638291,-0.929069636700438
"146","LJU",540,"LJU-01","01","Gotland","Ljugarn",18.695397,57.319176,-0.479411392175681,-1.23351764222719
"147","LJU",546,"LJU-08","08","Gotland","Ljugarn",18.695397,57.319176,-0.479411392175681,-1.23351764222719
"148","LJU",551,"LJU-17","17","Gotland","Ljugarn",18.695397,57.319176,-0.479411392175681,-1.23351764222719
"149","LJU",555,"LJU-20","20","Gotland","Ljugarn",18.695397,57.319176,-0.479411392175681,-1.23351764222719
"150","LOM",265,"LOM-01","01","Lomma","South Lomma Bay",13.05485,55.67242,0.165130590638291,-0.929069636700438
"151","LOM",267,"LOM-02","02","Lomma","South Lomma Bay",13.05485,55.67242,0.165130590638291,-0.929069636700438
"152","LOM",268,"LOM-04","04","Lomma","South Lomma Bay",13.05485,55.67242,0.165130590638291,-0.929069636700438
"153","LOM",270,"LOM-05","05","Lomma","South Lomma Bay",13.05485,55.67242,0.165130590638291,-0.929069636700438
"154","LOM",273,"LOM-07","07","Lomma","South Lomma Bay",13.05485,55.67242,0.165130590638291,-0.929069636700438
"155","LOM",274,"LOM-10","10","Lomma","South Lomma Bay",13.05485,55.67242,0.165130590638291,-0.929069636700438
"156","LOM",275,"LOM-11","11","Lomma","South Lomma Bay",13.05485,55.67242,0.165130590638291,-0.929069636700438
"157","LOM",277,"LOM-12","12","Lomma","South Lomma Bay",13.05485,55.67242,0.165130590638291,-0.929069636700438
"158","LOM",278,"LOM-14","14","Lomma","South Lomma Bay",13.05485,55.67242,0.165130590638291,-0.929069636700438
"159","LOM",279,"LOM-16","16","Lomma","South Lomma Bay",13.05485,55.67242,0.165130590638291,-0.929069636700438
"160","LOM",280,"LOM-17","17","Lomma","South Lomma Bay",13.05485,55.67242,0.165130590638291,-0.929069636700438
"161","LOM",281,"LOM-18","18","Lomma","South Lomma Bay",13.05485,55.67242,0.165130590638291,-0.929069636700438
"162","LOM",282,"LOM-19","19","Lomma","South Lomma Bay",13.05485,55.67242,0.165130590638291,-0.929069636700438
"163","LOM",284,"LOM-20","20","Lomma","South Lomma Bay",13.05485,55.67242,0.165130590638291,-0.929069636700438
"164","NOV",138,"NOV-01","01","Sälöfjorden","N. Överön",11.728779,57.795244,0.809672573452264,0.593170390933319
"165","NOV",144,"NOV-04","04","Sälöfjorden","N. Överön",11.728779,57.795244,0.809672573452264,0.593170390933319
"166","NOV",147,"NOV-06","06","Sälöfjorden","N. Överön",11.728779,57.795244,0.809672573452264,0.593170390933319
"167","NOV",146,"NOV-08","08","Sälöfjorden","N. Överön",11.728779,57.795244,0.809672573452264,0.593170390933319
"168","NOV",148,"NOV-13","13","Sälöfjorden","N. Överön",11.728779,57.795244,0.809672573452264,0.593170390933319
"169","NOV",149,"NOV-14","14","Sälöfjorden","N. Överön",11.728779,57.795244,0.809672573452264,0.593170390933319
"170","NOV",150,"NOV-15","15","Sälöfjorden","N. Överön",11.728779,57.795244,0.809672573452264,0.593170390933319
"171","NOV",152,"NOV-18","18","Sälöfjorden","N. Överön",11.728779,57.795244,0.809672573452264,0.593170390933319
"172","NOV",153,"NOV-20","20","Sälöfjorden","N. Överön",11.728779,57.795244,0.809672573452264,0.593170390933319
"173","NYN",659,"NYN-02","02","Nynäshamn","Nynäshamn",17.9542217,58.8811079,-4.34666328905952,-1.23351764222719
"174","NYN",649,"NYN-03","03","Nynäshamn","Nynäshamn",17.9542217,58.8811079,-4.34666328905952,-1.23351764222719
"175","OSK",471,"OSK-01","01","Oskarshamn","Oskarshamn",16.583068,57.031518,-1.76849535780363,-1.08129363946381
"176","OSK",474,"OSK-06","06","Oskarshamn","Oskarshamn",16.583068,57.031518,-1.76849535780363,-1.08129363946381
"177","RAU",714,"RAU-01","01","Finland","Rauma",21.319105,61.052267,-0.479411392175681,-1.38574164499056
"178","SBR",154,"SBR-01","01","Göteborgs S skärgård","S. Brännö",11.79115,57.64159,0.809672573452264,0.440946388169944
"179","SBR",157,"SBR-02","02","Göteborgs S skärgård","S. Brännö",11.79115,57.64159,0.809672573452264,0.440946388169944
"180","SBR",159,"SBR-03","03","Göteborgs S skärgård","S. Brännö",11.79115,57.64159,0.809672573452264,0.440946388169944
"181","SBR",160,"SBR-04","04","Göteborgs S skärgård","S. Brännö",11.79115,57.64159,0.809672573452264,0.440946388169944
"182","SBR",161,"SBR-05","05","Göteborgs S skärgård","S. Brännö",11.79115,57.64159,0.809672573452264,0.440946388169944
"183","SBR",162,"SBR-07","07","Göteborgs S skärgård","S. Brännö",11.79115,57.64159,0.809672573452264,0.440946388169944
"184","SBR",163,"SBR-08","08","Göteborgs S skärgård","S. Brännö",11.79115,57.64159,0.809672573452264,0.440946388169944
"185","SBR",164,"SBR-09","09","Göteborgs S skärgård","S. Brännö",11.79115,57.64159,0.809672573452264,0.440946388169944
"186","SBR",165,"SBR-10","10","Göteborgs S skärgård","S. Brännö",11.79115,57.64159,0.809672573452264,0.440946388169944
"187","SBR",166,"SBR-11","11","Göteborgs S skärgård","S. Brännö",11.79115,57.64159,0.809672573452264,0.440946388169944
"188","SBR",167,"SBR-12","12","Göteborgs S skärgård","S. Brännö",11.79115,57.64159,0.809672573452264,0.440946388169944
"189","SBR",168,"SBR-13","13","Göteborgs S skärgård","S. Brännö",11.79115,57.64159,0.809672573452264,0.440946388169944
"190","SBR",169,"SBR-14","14","Göteborgs S skärgård","S. Brännö",11.79115,57.64159,0.809672573452264,0.440946388169944
"191","SBR",170,"SBR-15","15","Göteborgs S skärgård","S. Brännö",11.79115,57.64159,0.809672573452264,0.440946388169944
"192","SBR",171,"SBR-16","16","Göteborgs S skärgård","S. Brännö",11.79115,57.64159,0.809672573452264,0.440946388169944
"193","SBR",172,"SBR-17","17","Göteborgs S skärgård","S. Brännö",11.79115,57.64159,0.809672573452264,0.440946388169944
"194","SBR",173,"SBR-18","18","Göteborgs S skärgård","S. Brännö",11.79115,57.64159,0.809672573452264,0.440946388169944
"195","SBR",174,"SBR-19","19","Göteborgs S skärgård","S. Brännö",11.79115,57.64159,0.809672573452264,0.440946388169944
"196","SBR",175,"SBR-20","20","Göteborgs S skärgård","S. Brännö",11.79115,57.64159,0.809672573452264,0.440946388169944
"197","SKI",327,"SKI-01","01","Skillinge","Skillinge",14.2785,55.457556,-3.05757932343157,-1.08129363946381
"198","SKI",336,"SKI-04","04","Skillinge","Skillinge",14.2785,55.457556,-3.05757932343157,-1.08129363946381
"199","SKI",346,"SKI-14","14","Skillinge","Skillinge",14.2785,55.457556,-3.05757932343157,-1.08129363946381
"200","SLI",597,"SLI-02","02","Gotland","Slite",18.831167,57.713318,-0.479411392175681,-1.23351764222719
"201","SLI",594,"SLI-04","04","Gotland","Slite",18.831167,57.713318,-0.479411392175681,-1.23351764222719
"202","SLI",606,"SLI-05","05","Gotland","Slite",18.831167,57.713318,-0.479411392175681,-1.23351764222719
"203","STE",116,"STE-01","01","Hake-Älgöfjorden","Stenungsund",11.81013,58.05143,0.165130590638291,1.04984239922345
"204","STE",117,"STE-03","03","Hake-Älgöfjorden","Stenungsund",11.81013,58.05143,0.165130590638291,1.04984239922345
"205","STE",118,"STE-04","04","Hake-Älgöfjorden","Stenungsund",11.81013,58.05143,0.165130590638291,1.04984239922345
"206","STE",119,"STE-05","05","Hake-Älgöfjorden","Stenungsund",11.81013,58.05143,0.165130590638291,1.04984239922345
"207","STE",135,"STE-06","06","Hake-Älgöfjorden","Stenungsund",11.81013,58.05143,0.165130590638291,1.04984239922345
"208","STE",121,"STE-07","07","Hake-Älgöfjorden","Stenungsund",11.81013,58.05143,0.165130590638291,1.04984239922345
"209","STE",122,"STE-09","09","Hake-Älgöfjorden","Stenungsund",11.81013,58.05143,0.165130590638291,1.04984239922345
"210","STE",123,"STE-11","11","Hake-Älgöfjorden","Stenungsund",11.81013,58.05143,0.165130590638291,1.04984239922345
"211","STE",124,"STE-12","12","Hake-Älgöfjorden","Stenungsund",11.81013,58.05143,0.165130590638291,1.04984239922345
"212","STE",126,"STE-14","14","Hake-Älgöfjorden","Stenungsund",11.81013,58.05143,0.165130590638291,1.04984239922345
"213","STE",127,"STE-17","17","Hake-Älgöfjorden","Stenungsund",11.81013,58.05143,0.165130590638291,1.04984239922345
"214","STE",137,"STE-18","18","Hake-Älgöfjorden","Stenungsund",11.81013,58.05143,0.165130590638291,1.04984239922345
"215","STE",131,"STE-19","19","Hake-Älgöfjorden","Stenungsund",11.81013,58.05143,0.165130590638291,1.04984239922345
"216","STE",132,"STE-20","20","Hake-Älgöfjorden","Stenungsund",11.81013,58.05143,0.165130590638291,1.04984239922345
"217","STE",133,"STE-02","02","Hake-Älgöfjorden","Stenungsund",11.81013,58.05143,0.165130590638291,1.04984239922345
"218","STE",136,"STE-08","08","Hake-Älgöfjorden","Stenungsund",11.81013,58.05143,0.165130590638291,1.04984239922345
"219","TAL",785,"TAL-01","01","Estonia","Tallinn",24.5688,59.4576,0.809672573452264,-1.38574164499056
"220","TAL",801,"TAL-12","12","Estonia","Tallinn",24.5688,59.4576,0.809672573452264,-1.38574164499056
"221","VHA",92,"VHA-01","01","Ellös-Havstenfjord","Väst Hjältön",11.60238,58.25641,-1.12395337498965,1.65873841027695
"222","VHA",93,"VHA-02","02","Ellös-Havstenfjord","Väst Hjältön",11.60238,58.25641,-1.12395337498965,1.65873841027695
"223","VHA",94,"VHA-03","03","Ellös-Havstenfjord","Väst Hjältön",11.60238,58.25641,-1.12395337498965,1.65873841027695
"224","VHA",96,"VHA-04","04","Ellös-Havstenfjord","Väst Hjältön",11.60238,58.25641,-1.12395337498965,1.65873841027695
"225","VHA",97,"VHA-06","06","Ellös-Havstenfjord","Väst Hjältön",11.60238,58.25641,-1.12395337498965,1.65873841027695
"226","VHA",98,"VHA-07","07","Ellös-Havstenfjord","Väst Hjältön",11.60238,58.25641,-1.12395337498965,1.65873841027695
"227","VHA",99,"VHA-08","08","Ellös-Havstenfjord","Väst Hjältön",11.60238,58.25641,-1.12395337498965,1.65873841027695
"228","VHA",100,"VHA-09","09","Ellös-Havstenfjord","Väst Hjältön",11.60238,58.25641,-1.12395337498965,1.65873841027695
"229","VHA",101,"VHA-10","10","Ellös-Havstenfjord","Väst Hjältön",11.60238,58.25641,-1.12395337498965,1.65873841027695
"230","VHA",102,"VHA-11","11","Ellös-Havstenfjord","Väst Hjältön",11.60238,58.25641,-1.12395337498965,1.65873841027695
"231","VHA",104,"VHA-13","13","Ellös-Havstenfjord","Väst Hjältön",11.60238,58.25641,-1.12395337498965,1.65873841027695
"232","VHA",106,"VHA-15","15","Ellös-Havstenfjord","Väst Hjältön",11.60238,58.25641,-1.12395337498965,1.65873841027695
"233","VHA",107,"VHA-16","16","Ellös-Havstenfjord","Väst Hjältön",11.60238,58.25641,-1.12395337498965,1.65873841027695
"234","VHA",108,"VHA-17","17","Ellös-Havstenfjord","Väst Hjältön",11.60238,58.25641,-1.12395337498965,1.65873841027695
"235","VHA",110,"VHA-18","18","Ellös-Havstenfjord","Väst Hjältön",11.60238,58.25641,-1.12395337498965,1.65873841027695
"236","VHA",112,"VHA-19","19","Ellös-Havstenfjord","Väst Hjältön",11.60238,58.25641,-1.12395337498965,1.65873841027695
"237","VHA",115,"VHA-20","20","Ellös-Havstenfjord","Väst Hjältön",11.60238,58.25641,-1.12395337498965,1.65873841027695
"238","YST",312,"YST-01","01","Gamla Staden-Sandskogen","Ystad",13.84636159,55.42155879,-0.479411392175681,-1.08129363946381
"239","YST",315,"YST-11","11","Gamla Staden-Sandskogen","Ystad",13.84636159,55.42155879,-0.479411392175681,-1.08129363946381
"240","YST",317,"YST-15","15","Gamla Staden-Sandskogen","Ystad",13.84636159,55.42155879,-0.479411392175681,-1.08129363946381
"241","YST",321,"YST-09","09","Gamla Staden-Sandskogen","Ystad",13.84636159,55.42155879,-0.479411392175681,-1.08129363946381
"242","YST",326,"YST-18","18","Gamla Staden-Sandskogen","Ystad",13.84636159,55.42155879,-0.479411392175681,-1.08129363946381
